,name,proba (%),Prob (%)
0,Nikola Jokic,98.4,0.3508021390374332
3,Stephen Curry,66.8,0.23814616755793225
1,Fred VanVleet,62.3,0.22210338680926917
4,Giannis Antetokounmpo,53.0,0.1889483065953654
